Species,Phenophase,Title,DateTaken,Latitude,Longitude,Accuracy,LocDescription,ID,Photographer,URL ,Notes,Collector
ANOC,Flowering,Western Pasqueflower,7/8/12,46.894571,-121.692305,,Glacier Basin Trail,,maryingels,,,Anna
ANOC,Ripening Fruit,DSC_3470cr,7/21/12,46.913051,-121.639766,,Silver Forest Trail - Sunrise,,lawde13,,,Anna
ANOC,Flowering,Western Pasqueflower,7/21/12,46.962652,-121.674828,,Grand Park,,maryingels,,,Anna
ANOC,ripening fruit,DSC_3781cr,7/22/12,46.798517,-121.734995,,,,lawde13,,,Jacqui
ANOC,Flowering,DSC01814,7/25/12,46.914392,-121.62569,,Sunrise,,anneli_fanneli,,,Anna
ANOC,flowering,Western Pasque Flower,7/28/12,46.788703,-121.736025,,,,RU4SUN2,,,Jacqui
ANOC,Flowering,Pasque Flowers,7/31/12,46.786896,-121.735725,,Paradise Inn,,Gentleman Antiquarian,,,Anna
ANOC,ripening fruit,Anemone flowers,8/4/12,46.918092,-121.687878,,,,laura.emily.jacobsen,,,Jacqui
ANOC,ripening fruit,Berkeley Park wildflowers,8/4/12,46.918092,-121.687878,,,,laura.emily.jacobsen,,,Jacqui
ANOC,ripening fruit,Wildflowers on Mazama Ridge,8/6/12,46.783899,-121.720833,,,,Fresnatic,,,Jacqui
ANOC,ripening fruit,Wildflowers in bloom,8/10/12,46.798708,-121.734695,,,,prorallypix,,,Jacqui
ANOC,flowering,Western Pasque Flower,8/10/12,46.798708,-121.734695,,,,prorallypix,,,Jacqui
ANOC,Releasing Seed,Old man of the mountain,8/10/12,46.91322,-121.636505,,Sunrise,,The Bacher Family,,,Anna
ANOC,Flowering,Western Pasque Flower,8/10/12,46.798708,-121.734695,,Paradise Inn,,prorallypix,,,Anna
ANOC,flowering,nature unlimited,8/11/12,46.785591,-121.737792,,,,fuerst,,,Jacqui
ANOC,ripening fruit,Untitled,8/11/12,46.788833,-121.736,,,,orkybash,,,Jacqui
ANOC,flowering,Untitled,8/11/12,46.790666,-121.734666,,,,orkybash,,,Jacqui
ANOC,ripening fruit,Untitled,8/11/12,46.789833,-121.735,,,,orkybash,,,Jacqui
ANOC,flowering,Untitled,8/11/12,46.789833,-121.735,,,,orkybash,,,Jacqui
ANOC,Ripening Fruit,6I8A0283_1,8/11/12,46.917206,-121.683025,,Sunrise,,The Bacher Family,,,Anna
ANOC,Ripening Fruit,Clagett120811-2474.jpg,8/11/12,46.920042,-121.687434,,Berkeley Park ,,thatoutdorguy,,,Anna
ANOC,ripening fruit,wildflower meadows @ Paradise,8/15/12,46.830838,-121.749114,,,,jennovative,,,Jacqui
ANOC,ripening fruit,wildflower meadows @ Paradise,8/15/12,46.830838,-121.749114,,,,jennovative,,,Jacqui
ANOC,ripening fruit,Untitled,8/15/12,46.913271,-121.646279,,,,Gregg Zimmerman,,,Jacqui
ANOC,ripening fruit,A Rainier Paradise,8/15/12,46.791877,-121.732335,,,,Thatcher Kelley Photography,,,Jacqui
ANOC,ripening fruit,Lorax on a Stick,8/15/12,46.792616,-121.732112,,,,Mitymous,,,Jacqui
ANOC,ripening fruit,Untitled,8/15/12,46.913271,-121.646279,,,,Gregg Zimmerman,,,Jacqui
ANOC,Ripening Fruit,Lorax on a Stick,8/15/12,46.792616,-121.732112,,Paradise Inn,,Mitymous,,,Anna
ANOC,flowering,6I8A13182_1,8/16/12,46.799134,-121.72461,,,,The Bacher Family,,,Jacqui
ANOC,flowering,6I8A11471_1,8/16/12,46.799134,-121.72461,,,,The Bacher Family,,,Jacqui
ANOC,ripening fruit,Owyhigh Wildflowers,8/16/12,46.866485,-121.588847,,Owyhigh Lakes,,nascent cognition,,,Jacqui
ANOC,ripening fruit,MtRainer_Wildflowers-web-6964,8/16/12,46.913454,-121.630496,,,,Starlisa,,,Jacqui
ANOC,ripening fruit,Mt Rainier National Park,8/17/12,46.915623,-121.641397,,,,suswann,,,Jacqui
ANOC,flowering,Wildflower Meadow,8/19/12,46.790334,-121.719417,,Skyline trail,,maryingels,,,Jacqui
ANOC,flowering,Just Relax,8/19/12,46.862333,-121.500785,,Naches Peak Loop Trail,,kcvensel,,,Jacqui
ANOC,ripening fruit,Wildflowers,8/19/12,46.792978,-121.724256,,Skyline trail,,maryingels,,,Jacqui
ANOC,ripening fruit,Wildflower Meadow,8/19/12,46.796747,-121.720318,,Skyline trail,,maryingels,,,Jacqui
ANOC,flowering,Out of Control!,8/19/12,46.86578,-121.498521,,,,kcvensel,,,Jacqui
ANOC,flowering,Paradise Mixed Wildflowers,8/21/12,46.798884,-121.748771,,,,MSSQUID,,,Jacqui
ANOC,ripening fruit,IMG_2206a,8/21/12,46.86823,-121.57505,,,,Mr_Tambourine_Man,,,Jacqui
ANOC,ripening fruit,IMG_2198a,8/21/12,46.861716,-121.581573,,,,Mr_Tambourine_Man,,,Jacqui
ANOC,Ripening Fruit,pasqueflower,8/21/12,46.904893,-121.781044,,n/a,,mcross4,,,Anna
ANOC,Ripening Fruit,Western Anemone,8/22/12,46.866881,-121.516631,,Tipsoo Lake,,Michael S Russell,,,Anna
ANOC,flowering,Photographing Wildflowers,8/23/12,46.867805,-121.517812,,Tipsoo Lake,,Michael S. Russell,,,Jacqui
ANOC,Ripening Fruit,"Lupines, Anenomes and Paintbrush",8/23/12,46.868568,-121.517683,,Tipsoo Lake,,Michael S Russell,,,Anna
ANOC,flowering,Mt. Rainier,8/24/12,46.857222,-121.669312,,,,Roman_N,,,Jacqui
ANOC,flowering,Daisies,8/25/12,46.862813,-121.508746,,,,Daedalus_T,,,Jacqui
ANOC,flowering,More flowers and ponds,8/25/12,46.863261,-121.506772,,,,Daedalus_T,,,Jacqui
ANOC,flowering,Wildflowers,8/25/12,46.863712,-121.510119,,,,Daedalus_T,,,Jacqui
ANOC,ripening fruit,Nature's Pallette,8/25/12,46.792369,-121.731562,,Paradise ,,mcmillend,,,Jacqui
ANOC,flowering,Paradise,8/26/12,46.788718,-121.734781,,,,1ns0mn1ac,,,Jacqui
ANOC,ripening fruit,Morning Splendor,8/26/12,46.787073,-121.71931,,,,pdxsafariguy,,,Jacqui
ANOC,ripening fruit,Spinning Cap,8/26/12,46.785515,-121.722786,,Mazama Ridge,,Fresnatic,,,Jacqui
ANOC,ripening fruit,First Light,8/26/12,46.792258,-121.723108,,,,pdxsafariguy,,,Jacqui
ANOC,ripening fruit,Rainier Wildflowers,8/26/12,46.78428,-121.720095,,,,Darren Neupert,,,Jacqui
ANOC,Ripening Fruit,Morning Splendor,8/26/12,46.787073,-121.71931,,Paradise,,pdxsafariguy,,,Anna
ANOC,ripening fruit,Wildflower meadow in Paradise,8/27/12,46.791421,-121.724352,,,,pvdEric,,,Jacqui
ANOC,Ripening Fruit,Fields of Flowers,8/31/12,46.793375,-121.736047,,Mt. Rainier,,Kpartin,,,Anna
ANOC,Ripening Fruit,Late Summer Wildflower Garden,9/9/12,46.86278,-121.511482,,Naches Peak Loop Trail,,brewbooks,,,Anna
ANOC,Ripening Fruit,Field of Anemone occidentalis (Western pasqueflower),9/9/12,46.870622,-121.519024,,Tipsoo Lake Trail,,brewbrooks,,,Anna
ANOC,Ripening Fruit,Paradise Gardens,9/16/12,46.807579,-121.738815,,Paradise Inn,,outdoorPDK,,,Anna
ANOC,ripening fruit,Western Pasque Flower,9/19/12,46.791583,-121.724374,,,,Jason Racey,,,Jacqui
ANOC,Ripening Fruit,Western Pasqueflower,9/22/12,46.912295,-121.640803,,Sunrise,,paulhall,,,Anna
ANOC,Releasing Seed,120922-60D-5072-2,9/22/12,46.912295,-121.640803,,Sunrise,,paulhall,,,Anna
ANOC,Releasing Seed,Western Pasqueflower Seedheads,9/23/12,46.796416,-121.719857,,Paradise Inn,,kirknelson,,,Anna
ANOC,ripening fruit,Wildflowers of Mt. Rainier,10/3/12,46.869213,-121.5173,,Tipsoo Lake,,shesnuckinfuts,,,Jacqui
ANOC,Ripening Fruit,Wildflowers of Mt Rainier,10/3/12,46.869213,-121.5172,,Tipsoo Lake,,shesnuckinfuts,,,Anna
ANOC ,ripening fruit,Wildflower Meadow,8/19/12,46.790334,-121.719417,,Skyline Trail,,Mary Ingels,www.flickr.com/photos/11306612@N06/7852442222,multiple species,Lane
CAMI,flowering,"Paintbrush, Castilleja Sp.",6/11/12,46.766841,-121.67228,,,,DeForestRanger,,,Jacqui
CAMI,flowering,Steven's Canyon Road,7/17/12,46.709941,-121.600456,,,,sking5000,,,Jacqui
CAMI,flowering,Mount Rainier Summer,7/24/12,46.770321,-121.733536,,,,Dan Mihai,,,Jacqui
CAMI,flowering,Wildflowers,7/28/12,46.767381,-121.704826,,,,Photoz Darkly,,,Jacqui
CAMI,Flowering,"Lupines, Anenomes and Paintbrush",8/23/12,46.868568,-121.517683,,Tipsoo Lake,,Michael S Russell,,,Anna
CAMI,flowering,0804E Mt Rainier National Park Lower Drive IMG_9507,9/1/12,46.784252,-121.740188,,,,jpoage,,,Jacqui
CAPA,flowering,Wildflowers,7/21/12,46.962652,-121.674828,,Grand Park ,,maryingels,,,Jacqui
CAPA,flowering,Wildflowers,7/21/12,46.962652,-121.674828,,Grand Park,,maryingels,,,Jacqui
CAPA,flowering,DSC_3528cr,7/21/12,46.913894,-121.634445,,,,lawde13,,,Jacqui
CAPA,flowering ,Magenta Paintbrush ,7/21/12,46.962652,-121.674828,,Grand Park ,,Mary Ingels,,,Lane
CAPA,flowering,DSC_3478cr,7/21/12,46.913095,-121.635947,,Silver Forest trail ,,David Lawrence ,,,Lane
CAPA,flowering,DSC_3781cr,7/22/12,46.798517,-121.734995,,,,lawde13,,,Jacqui
CAPA,flowering,Mount Rainier Summer,7/24/12,46.770321,-121.733536,,,,Dan Mihai,,,Jacqui
CAPA,budding ,Small-flowered Paintbrush,7/25/12,47.019705,-121.467847,,Greenwater area,,Ryan Hanko,http://www.flickr.com/photos/34475029@N07/8572395761,,Lane
CAPA,flowering,Reflection Lakes,7/29/12,46.768557,-121.727828,,,,NW Vagabond,,,Jacqui
CAPA,flowering,0803A Mt Rainier National Park Reflection Lake 1 IMG_8227,8/3/12,46.768733,-121.727228,,,,jpoage,,,Jacqui
CAPA,flowering,Wildflowers in Berkeley Park,8/4/12,46.918092,-121.687878,,,,laura.emily.jacobsen,,,Jacqui
CAPA,flowering,Wildflowers in Berkeley Park,8/4/12,46.918092,-121.687878,,Berkeley Park,,laura.emily.jacobsen,,,Jacqui
CAPA,flowering,Anemone flowers,8/4/12,46.918092,-121.687878,,,,laura.emily.jacobsen,,,Jacqui
CAPA,flowering,Berkeley Park wildflowers,8/4/12,46.918092,-121.687878,,,,laura.emily.jacobsen,,,Jacqui
CAPA,flowering,Castilleja parviflora oreopola,8/4/12,46.909306,-121.661031,,Sunrise Rim trail,,brewbooks,www.flickr.com/photos/93452909@N00/8037414911,"multiple species, yellow species on right unidentified ",Lane
CAPA,flowering,Mother Nature's Garden,8/6/12,46.783811,-121.742184,,,,Fresnatic,,,Jacqui
CAPA,flowering,Wildflowers on Mazama Ridge,8/6/12,46.783899,-121.720833,,,,Fresnatic,,,Jacqui
CAPA,budding ,avalanch_lily ,8/8/12,46.780225,-121.729073,,,,Tours NW,,,Lane
CAPA,flowering,Meadows At Sunrise Side Rainier.,8/9/12,46.91404,-121.632213,,,,musicman67,,,Jacqui
CAPA,flowering,Meadows At Sunrise Side Rainier.,8/9/12,46.91404,-121.632213,,,,musicman67,,,Jacqui
CAPA,flowering,A crazy quilt of color,8/10/12,46.917206,-121.683025,,,,The Bacher Family,,,Jacqui
CAPA,flowering,Wildflowers in bloom,8/10/12,46.798708,-121.734695,,,,prorallypix,,,Jacqui
CAPA,flowering,Indian Paintbrush,8/10/12,46.795828,-121.731948,,,,prorallypix,,,Jacqui
CAPA,flowering,Subalpine palette,8/10/12,46.917206,-121.683025,,,,Kevin Bacher,www.flickr.com/photos/bacherfamily/8037501808/,multiple species,Lane
CAPA,flowering,nature unlimited,8/11/12,46.785591,-121.737792,,,,fuerst,,,Jacqui
CAPA,flowering,Clagett120811-2724.jpg,8/11/12,46.961979,-121.679162,,,,thatoutdoorguy,,,Jacqui
CAPA,flowering,Clagett120811-2545.jpg,8/11/12,46.926,-121.688776,,Berkeley Park,,thatoutdoorguy,,,Jacqui
CAPA,flowering,Clagett120811-2785.jpg,8/11/12,46.961979,-121.679162,,Berkeley Park,,thatoutdoorguy,,,Jacqui
CAPA,flowering,Clagett120811-2785.jpg,8/11/12,46.961979,-121.679162,,grand park,,thatoutdoorguy,,,Jacqui
CAPA,flowering,Wildflowers with Mt. Rainier backdrop,8/11/12,46.860058,-121.645774,,,,abhinaba,,,Jacqui
CAPA,flowering,Untitled,8/11/12,46.787833,-121.735,,,,orkybash,,,Jacqui
CAPA,flowering,Untitled,8/11/12,46.788833,-121.736,,,,orkybash,,,Jacqui
CAPA,flowering,Untitled,8/11/12,46.800666,-121.734166,,,,orkybash,,,Jacqui
CAPA,flowering,Untitled,8/11/12,46.787833,-121.735,,,,orkybash,,,Jacqui
CAPA,flowering,Untitled,8/11/12,46.8005,-121.734166,,,,orkybash,,,Jacqui
CAPA,flowering,Untitled,8/11/12,46.7875,-121.734666,,,,orkybash,,,Jacqui
CAPA,flowering,Untitled,8/11/12,46.790666,-121.734666,,,,orkybash,,,Jacqui
CAPA,flowering,Untitled,8/11/12,46.789833,-121.735,,,,orkybash,,,Jacqui
CAPA,flowering,Untitled,8/11/12,46.789833,-121.735,,,,orkybash,,,Jacqui
CAPA,flowering,Clagett120812-2928.jpg,8/12/12,46.961979,-121.679162,,,,thatoutdoorguy,,,Jacqui
CAPA,flowering,wildflower meadows @ Paradise,8/15/12,46.830838,-121.749114,,,,jennovative,,,Jacqui
CAPA,flowering,A Rainier Paradise,8/15/12,46.791877,-121.732335,,,,Thatcher Kelley Photography,,,Jacqui
CAPA,flowering,Paintbrush and Lupines,8/15/12,46.792097,-121.732323,,,,Mitymous,,,Jacqui
CAPA,flowering,6I8A13182_1,8/16/12,46.799134,-121.72461,,,,The Bacher Family,,,Jacqui
CAPA,flowering,6I8A11471_1,8/16/12,46.799134,-121.72461,,,,The Bacher Family,,,Jacqui
CAPA,flowering,Bumble bee on a daisy,8/16/12,46.79577,-121.728601,,,,The Bacher Family,,,Jacqui
CAPA,flowering,Wildflowers,8/16/12,46.790277,-121.735667,,Paradise ,,stationr,,,Jacqui
CAPA,flowering,Wildflowers at Paradise,8/16/12,46.790277,-121.735678,,,,stationr,,,Jacqui
CAPA,flowering,Wildflowers,8/16/12,46.790277,-121.735667,,Paradise ,,stationr,,,Jacqui
CAPA,flowering,Welcome to Summertime,8/18/12,46.792237,-121.731723,,,,* Ian Rogers *,,,Jacqui
CAPA,flowering,Wildflower Meadow,8/19/12,46.790334,-121.719417,,Skyline trail,,maryingels,,,Jacqui
CAPA,flowering,Wildflower Meadow,8/19/12,46.796747,-121.720318,,Skyline trail,,maryingels,,,Jacqui
CAPA,flowering,Out of Control!,8/19/12,46.86578,-121.498521,,,,kcvensel,,,Jacqui
CAPA,flowering,Bounty Hunting...For Flowers!,8/19/12,46.802174,-121.702079,,,,Treveri,,,Jacqui
CAPA,flowering,Wildflower Meadow,8/19/12,46.790334,-121.719417,,Skyline Trail,,Mary Ingels,www.flickr.com/photos/11306612@N06/7852442222,multiple species,Lane
CAPA,flowering ,Magenta Paintbrush,8/19/12,46.793537,-121.726262,,Skyline Trail,,Mary Ingels,,multiple species,Lane
CAPA,flowering,IMG_2197a,8/21/12,46.870666,-121.57402,,near Owyhigh Lakes,,Mr_Tambourine_Man,,,Jacqui
CAPA,flowering,Paradise Wildflowers,8/21/12,46.782933,-121.735897,,Panorama Point trail above Myrtle Falls,,MSSQUID,,,Jacqui
CAPA,flowering,IMG_2206a,8/21/12,46.86823,-121.57505,,,,Mr_Tambourine_Man,,,Jacqui
CAPA,flowering,meadow mist,8/21/12,46.930568,-121.853721,,,,markvcr,,,Jacqui
CAPA,flowering,IMG_2198a,8/21/12,46.861716,-121.581573,,,,Mr_Tambourine_Man,,,Jacqui
CAPA,flowering,Something Different,8/22/12,46.789129,-121.743171,,,,Fresnatic,,,Jacqui
CAPA,flowering,Mt. Rainier Summer 2012 25,8/22/12,46.78883,-121.740213,,,,djwudi,,,Jacqui
CAPA,flowering,Mt. Rainier Summer 2012 26,8/22/12,46.788405,-121.740175,,,,djwudi,,,Jacqui
CAPA,flowering,Mt. Rainier Summer 2012 14,8/22/12,46.787958,-121.736145,,,,djwudi,,,Jacqui
CAPA,flowering,Forest Wilderness,8/22/12,46.791098,-121.738278,,,,Fresnatic,,,Jacqui
CAPA,flowering ,The Wildflowers of Paradise ,8/22/12,46.791627,-121.734888,,,,David Irons Jr,,multiple species ,Lane
CAPA,flowering,IMG_8579.jpg,8/24/12,46.857222,-121.669312,,,,Roman_N,,,Jacqui
CAPA,flowering,Mt. Rainier,8/24/12,46.857222,-121.669312,,,,Roman_N,,,Jacqui
CAPA,flowering,Wildflowers in Paradise,8/24/12,46.789511,-121.735854,,,,pvdEric,,,Jacqui
CAPA,flowering,More flowers and ponds,8/25/12,46.863261,-121.506772,,,,Daedalus_T,,,Jacqui
CAPA,flowering,Wildflowers,8/25/12,46.863712,-121.510119,,,,Daedalus_T,,,Jacqui
CAPA,budding ,Magenta Paintbrush,8/25/12,46.792705,-121.730876,,,,Doug McMillen,,,Lane
CAPA,flowering,"At Peace, Amongst Giants",8/26/12,46.780704,-121.778923,,,,little m:),,,Jacqui
CAPA,flowering,Paradise,8/26/12,46.788718,-121.734781,,,,1ns0mn1ac,,,Jacqui
CAPA,flowering,Morning Splendor,8/26/12,46.787073,-121.71931,,,,pdxsafariguy,,,Jacqui
CAPA,flowering,Flower Power,8/26/12,46.862399,-121.498425,,Naches Peak Loop Trail,,kcvensel,,,Jacqui
CAPA,flowering,First Light,8/26/12,46.792258,-121.723108,,,,pdxsafariguy,,,Jacqui
CAPA,flowering,Alpine Wonderland,8/26/12,46.792258,-121.723108,,,,pdxsafariguy,,,Jacqui
CAPA,flowering,Rainier Wildflowers,8/26/12,46.78428,-121.720095,,,,Darren Neupert,,,Jacqui
CAPA,flowering,Wildflower meadow in Paradise,8/27/12,46.791421,-121.724352,,,,pvdEric,,,Jacqui
CAPA,flowering,Paradise found,8/28/12,46.787837,-121.760787,,,,Deby Dixon,,,Jacqui
CAPA,flowering,0803B Mt Rainier National Park Afternoon Drive IMG_8376,8/28/12,46.766205,-121.700191,,,,jpoage,,,Jacqui
CAPA,flowering,0804B Mt Rainier National Park Morning Drive IMG_9208,8/30/12,46.78578,-121.733407,,,,jpoage,,,Jacqui
CAPA,flowering,0804E Mt Rainier National Park Lower Drive IMG_9461,8/31/12,46.785603,-121.735725,,,,jpoage,,,Jacqui
CAPA,flowering,Collage of color,9/6/12,46.706086,-121.664743,,,,The Bacher Family,,,Jacqui
CAPA,flowering,The Winters Are Tough But Love The Summers,9/6/12,46.789629,-121.739523,,,,outdoorPDK,,,Jacqui
CAPA,flowering,Castilleja parviflora oreopola,9/9/12,46.871824,-121.516942,,Tipsoo Lake trail,,brewbooks,www.flickr.com/photos/93452909@N00/7993279082,multiple species,Lane
CAPA,flowering,Castilleja parviflora oreopola,9/9/12,46.871824,-121.516942,,Tipsoo Lake trail,,brewbooks,,,Lane
CAPA,flowering,Smell in the air,9/24/12,46.799824,-121.73006,,,,protikH,,,Jacqui
CAPA,flowering,Mt Rainier-Spray Park,11/4/12,46.930568,-121.853721,,,,Karen Walker 2011,,,Jacqui
CAPA,flowering,Mount Rainier with wildflowers,7/29/12,46.770203,-121.715641,,,,tranquilometro,,,Jacqui
CAPA,Flowering,Morning Splendor,8/26/12,46.787073,-121.71931,,Paradise,,pdxsafariguy,,,Anna
CAPA,flowering,0804B Mt Rainier National Park Morning Drive IMG_9140,8/30/12,46.78597,-121.733064,,,,jpoage,,,Jacqui
CAPA,Flowering,Fields of Flowers,8/31/12,46.793375,-121.736047,,Mt. Rainier,,Kpartin,,,Anna
CAPA,Flowering,Clagett120811-2474.jpg,8/11/12,46.920042,-121.687434,,Berkeley Park ,,thatoutdorguy,,,Anna
ERGR,flowering,Glacier Lilies,7/21/12,46.962652,-121.674828,,Grand Park,,maryingels,,,Jacqui
ERGR,flowering,Glacier Lilies,7/31/12,46.796769,-121.717185,,Paradise Inn,,Gentleman Antiquarian,,,Jacqui
ERMO,flowering,Avalanche Lilies Growing Wild,6/27/12,46.766172,-121.717625,,Paradise Inn,,littlebiddle,,,Jacqui
ERMO,flowering,Avalanche Lilies,7/12/12,46.953836,-121.877174,,Eunice Lake,,Lisa D Elliott,,,Jacqui
ERMO,flowering,avalanche lilies,7/21/12,46.908412,-121.810827,,,,jcoutside,,,Jacqui
ERMO,flowering,Avalanche Lilies,7/21/12,46.962652,-121.674828,,Grand Park,,maryingels,,,Jacqui
ERMO,flowering,"Avalanche Lilies, ERMO",7/23/12,46.767616,-121.705577,,Paradise Inn,,DeForestRanger,,,Jacqui
ERMO,flowering,Beautiful Avalanche Lilies - ERMO,7/23/12,46.810399,-121.555094,,,,jpmckenna - Returning for West Coast of Vancouver,,,Jacqui
ERMO,flowering,"Avalanche Lilies, ERMO",7/23/12,46.767616,-121.705577,,Paradise Inn,,DeForestRanger,,,Jacqui
ERMO,flowering,"Avalanche Lilies, ERMO",7/23/12,46.767616,-121.705577,,Bench and Snow Lakes trail,,DeForestRanger,,,Jacqui
ERMO,flowering,Avalanche Lilies,7/27/12,46.672115,-121.837778,,,,Lisa D Elliott,,,Jacqui
ERMO,flowering,Avalanche of lilies,7/27/12,46.76744,-121.715898,,,,littlebiddle,,,Jacqui
ERMO,flowering,Tasty Treat,7/28/12,46.78838,-121.734652,,Paradise  ,,RU4SUN2,,,Jacqui
ERMO,flowering,56,7/28/12,46.788894,-121.737442,,Pardise Inn,,Karen Molenaar Terrell,,,Jacqui
ERMO,flowering,Wildflowers,7/29/12,46.765735,-121.698989,,,,tranquilometro,,,Jacqui
ERMO,flowering,Avalanche Lilies and Engelmann Spruce,7/31/12,46.791539,-121.724374,,Paradise Inn,,Gentleman Antiquarian,,,Jacqui
ERMO,flowering,The Mountain,8/5/12,46.759385,-121.73315,,Pinnacle Peak Trail,,By posthumus_cake ,,,Jacqui
ERMO,ripe fruit,A spray of lupines,8/10/12,46.944285,-121.826705,,,,The Bacher Family,,,Jacqui
ERMO,flowering,Avalanche Lily,8/16/12,46.791608,-121.735545,,Paradise Inn,,Mitymous,,,Jacqui
ERMO,flowering,0804B Mt Rainier National Park Morning Drive IMG_9062,8/29/12,,,,,,jpoage,,,Jacqui
ERMO,ripening fruit,ERMO (avalanche lily) seedhead,9/1/12,46.872191,-121.512694,,Naches Peak Loop Trail,,brewbooks,,,Jacqui
ERMO,flowering,Spray Park- Mt. Rainier GP2A0101.jpg,9/4/12,46.935495,-121.852283,,Spray park,,Karen Walker 2011,,,Jacqui
ERMO,flowering,ERMO (avalanche lily),9/9/12,46.871392,-121.504991,,Naches Peak Loop Trail,,brewbooks,,,Jacqui
ERMO,releasing seed,Untitled,9/21/12,46.930103,-121.846489,,,,Playapixie,,,Jacqui
ERMO ,flowering ,avalanch_lily ,8/8/12,46.780225,-121.729073,,,,Tours NW,,,Lane
ERPE,flowering,Tipsoo wildflowers,1/4/12,46.869668,-121.514947,,,,protikH,,,Jacqui
ERPE,flowering,DSC_3528cr,7/21/12,46.913894,-121.634445,,,,lawde13,,,Jacqui
ERPE,flowering,Mount Rainier Summer,7/24/12,46.770321,-121.733536,,,,Dan Mihai,,,Jacqui
ERPE,flowering,Wildflowers on the way...,7/27/12,46.672115,-121.837778,,,,Lisa D Elliott,,,Jacqui
ERPE,flowering,Stream and corn lilies in Berkeley Park,8/4/12,46.918083,-121.689037,,Berkeley Park,,laura.emily.jacobsen,,,Jacqui
ERPE,flowering,Purple trail,8/4/12,46.917074,-121.684377,,,,laura.emily.jacobsen,,,Jacqui
ERPE,flowering,Purple trail,8/4/12,46.917074,-121.684377,,,,laura.emily.jacobsen,,,Jacqui
ERPE,flowering,Wildflowers,8/4/12,46.91609,-121.686011,,,,laura.emily.jacobsen,,,Jacqui
ERPE,flowering,Lupine and Sitka Valerian,8/5/12,46.939568,-121.595692,,Palisades Lake Trail,,maryingels,,,Jacqui
ERPE,flowering,Mother Nature's Garden,8/6/12,46.783811,-121.742184,,,,Fresnatic,,,Jacqui
ERPE,flowering,Mazama Ridge Wildflowers,8/6/12,46.785456,-121.721284,,,,Fresnatic,,,Jacqui
ERPE,flowering,Meadows At Sunrise Side Rainier.,8/9/12,46.91404,-121.632213,,,,musicman67,,,Jacqui
ERPE,flowering,Mountain Daisy,8/10/12,46.798708,-121.734695,,,,prorallypix,,,Jacqui
ERPE,flowering,6I8A0034_1,8/10/12,46.91322,-121.636505,,,,The Bacher Family,,,Jacqui
ERPE,flowering,Wildflowers in bloom,8/10/12,46.798708,-121.734695,,,,prorallypix,,,Jacqui
ERPE,flowering,Clagett120811-2444.jpg,8/11/12,46.916679,-121.685342,,Berkeley Park,,thatoutdoorguy,,,Jacqui
ERPE,flowering,Clagett120811-2444.jpg,8/11/12,46.916679,-121.685342,,Berkeley Park,,thatoutdoorguy,,,Jacqui
ERPE,flowering,Untitled,8/11/12,46.7875,-121.734666,,,,orkybash,,,Jacqui
ERPE,flowering,A Rainier Paradise,8/15/12,46.791877,-121.732335,,,,Thatcher Kelley Photography,,,Jacqui
ERPE,flowering,Lupines Plus,8/15/12,46.788244,-121.73337,,,,Mitymous,,,Jacqui
ERPE,flowering,6I8A11471_1,8/16/12,46.799134,-121.72461,,,,The Bacher Family,,,Jacqui
ERPE,flowering,Bumble bee on a daisy,8/16/12,46.79577,-121.728601,,,,The Bacher Family,,,Jacqui
ERPE,flowering,Mt Rainier National Park,8/17/12,46.915623,-121.641397,,,,suswann,,,Jacqui
ERPE,flowering,Mt Rainier National Park,8/17/12,46.915623,-121.641397,,,,suswann,,,Jacqui
ERPE,flowering,Mt Rainier National Park,8/17/12,46.915623,-121.641397,,,,suswann,,,Jacqui
ERPE,flowering,Wildflower Meadow,8/19/12,46.790334,-121.719417,,Skyline trail,,maryingels,,,Jacqui
ERPE,flowering,More Wildflowers,8/19/12,46.790613,-121.720844,,,,maryingels,,,Jacqui
ERPE,flowering,Wildflowers,8/19/12,46.792978,-121.724256,,Skyline trail,,maryingels,,,Jacqui
ERPE,flowering,Paradise Wildflowers,8/21/12,46.782933,-121.735897,,Panorama Point trail above Myrtle Falls,,MSSQUID,,,Jacqui
ERPE,flowering,Something Different,8/22/12,46.789129,-121.743171,,,,Fresnatic,,,Jacqui
ERPE,flowering,Mt. Rainier Summer 2012 15,8/22/12,46.788126,-121.736116,,,,djwudi,,,Jacqui
ERPE,flowering,Mt. Rainier Summer 2012 14,8/22/12,46.787958,-121.736145,,,,djwudi,,,Jacqui
ERPE,flowering,Photographing Wildflowers,8/23/12,46.867805,-121.517812,,Tipsoo Lake,,Michael S. Russell,,,Jacqui
ERPE,flowering,IMG_8675.jpg,8/24/12,46.857222,-121.669312,,,,Roman_N,,,Jacqui
ERPE,flowering,Wildflowers in Paradise,8/24/12,46.789511,-121.735854,,,,pvdEric,,,Jacqui
ERPE,flowering,Daisies,8/25/12,46.862813,-121.508746,,,,Daedalus_T,,,Jacqui
ERPE,flowering,More flowers and ponds,8/25/12,46.863261,-121.506772,,,,Daedalus_T,,,Jacqui
ERPE,flowering,Wildflowers,8/25/12,46.863712,-121.510119,,,,Daedalus_T,,,Jacqui
ERPE,flowering,"At Peace, Amongst Giants",8/26/12,46.780704,-121.778923,,,,little m:),,,Jacqui
ERPE,flowering,Paradise,8/26/12,46.788718,-121.734781,,,,1ns0mn1ac,,,Jacqui
ERPE,flowering,First Light,8/26/12,46.792258,-121.723108,,,,pdxsafariguy,,,Jacqui
ERPE,flowering,Wildflower meadow in Paradise,8/27/12,46.791421,-121.724352,,,,pvdEric,,,Jacqui
ERPE,flowering,IMG_2386_7_tonemapped-a,8/28/12,46.866294,-121.608009,,,,Mr_Tambourine_Man,,,Jacqui
ERPE,flowering,Paradise found,8/28/12,46.787837,-121.760787,,,,Deby Dixon,,,Jacqui
ERPE,flowering,IMG_2436a,8/30/12,46.868871,-121.503317,,,,Mr_Tambourine_Man,,,Jacqui
ERPE,flowering,Wild Mama,8/30/12,46.783135,-121.755294,,,,Deby Dixon,,,Jacqui
ERPE,flowering,0804B Mt Rainier National Park Morning Drive IMG_9208,8/30/12,46.78578,-121.733407,,,,jpoage,,,Jacqui
ERPE,flowering,alpine garden,8/31/12,46.867993,-121.518208,,Chinook Pass,,ms. Bailey,,,Jacqui
ERPE,flowering,0804E Mt Rainier National Park Lower Drive IMG_9461,8/31/12,46.785603,-121.735725,,,,jpoage,,,Jacqui
ERPE,flowering,0804E Mt Rainier National Park Lower Drive IMG_9507,9/1/12,46.784252,-121.740188,,,,jpoage,,,Jacqui
ERPE,flowering,0804E Mt Rainier National Park Lower Drive IMG_9543,9/1/12,46.784722,-121.739759,,,,jpoage,,,Jacqui
ERPE,flowering,Truly Paradise,9/2/12,46.792758,-121.738979,,,,Andrew Curtis,,,Jacqui
ERPE,flowering,Collage of color,9/6/12,46.706086,-121.664743,,,,The Bacher Family,,,Jacqui
ERPE,flowering,6I8A2980_1,9/6/12,46.706086,-121.664743,,,,The Bacher Family,,,Jacqui
ERPE,flowering,Lush And lovely,9/7/12,46.781959,-121.743535,,,,outdoorPDK,,,Jacqui
ERPE,flowering,Windy Wildflowers,9/8/12,46.795161,-121.728937,,,,Darren Neupert,,,Jacqui
ERPE,flowering,Tipsoo Garden,9/8/12,46.870636,-121.517114,,,,Deej6,,,Jacqui
ERPE,releasing seed,Untitled,9/21/12,46.930103,-121.846489,,,,Playapixie,,,Jacqui
ERPE,flowering,Rainier Wildflowers,9/22/12,46.857608,-121.703796,,,,tflowe8,,,Jacqui
ERPE,flowering,Smell in the air,9/24/12,46.799824,-121.73006,,,,protikH,,,Jacqui
GECA,flowering,Mountain Bog Gentian,8/16/12,46.791477,-121.736545,,,,Mitymous,,,Jacqui
GECA,flowering,Gentians,8/19/12,46.802115,-121.729867,,,,maryingels,,,Jacqui
LIGR,releasing seed,The end of the season,10/10/12,46.79054,-121.735467,,,,prorallypix,,,Jacqui
LUAR,flowering,Tipsoo wildflowers,1/4/12,46.869668,-121.514947,,,,protikH,,,Jacqui
LUAR,flowering,Wildflowers,7/21/12,46.962652,-121.674828,,Grand Park ,,maryingels,,,Jacqui
LUAR,flowering,Wildflowers,7/21/12,46.962652,-121.674828,,Grand Park,,maryingels,,,Jacqui
LUAR,flowering,DSC_3528cr,7/21/12,46.913894,-121.634445,,,,lawde13,,,Jacqui
LUAR,flowering,Mount Rainier Summer,7/24/12,46.770321,-121.733536,,,,Dan Mihai,,,Jacqui
LUAR,flowering,Wildflowers on the way...,7/27/12,46.672115,-121.837778,,,,Lisa D Elliott,,,Jacqui
LUAR,flowering,Wildflowers,7/27/12,46.672115,-121.837778,,,,Lisa D Elliott,,,Jacqui
LUAR,flowering,Wildflowers,7/27/12,46.672115,-121.837778,,,,Lisa D Elliott,,,Jacqui
LUAR,flowering,Wildflowers,7/28/12,46.767381,-121.704826,,,,Photoz Darkly,,,Jacqui
LUAR,flowering,Reflection Lakes,7/29/12,46.768557,-121.727828,,,,NW Vagabond,,,Jacqui
LUAR,flowering,Grand Park Wildflowers and Mt Rainier,7/31/12,46.937927,-121.652834,,,,jlcummins - Washington State,,,Jacqui
LUAR,flowering,0803A Mt Rainier National Park Reflection Lake 1 IMG_8227,8/3/12,46.768733,-121.727228,,,,jpoage,,,Jacqui
LUAR,flowering,Happy Hooves,8/3/12,46.961627,-121.675472,,Grand park,,Ande Thellama,,,Jacqui
LUAR,flowering,Grand Park Wildflowers,8/3/12,46.959401,-121.685256,,,,MSSQUID,,,Jacqui
LUAR,flowering,Tired Dogs,8/3/12,46.959361,-121.67427,,,,MSSQUID,,,Jacqui
LUAR,flowering,Wildflowers in Berkeley Park,8/4/12,46.918092,-121.687878,,,,laura.emily.jacobsen,,,Jacqui
LUAR,flowering,Purple trail,8/4/12,46.917074,-121.684377,,,,laura.emily.jacobsen,,,Jacqui
LUAR,flowering,Wildflowers in Berkeley Park,8/4/12,46.918092,-121.687878,,Berkeley Park,,laura.emily.jacobsen,,,Jacqui
LUAR,flowering,Purple trail,8/4/12,46.917074,-121.684377,,,,laura.emily.jacobsen,,,Jacqui
LUAR,flowering,Wildflowers,8/4/12,46.91609,-121.686011,,,,laura.emily.jacobsen,,,Jacqui
LUAR,flowering,Anemone flowers,8/4/12,46.918092,-121.687878,,,,laura.emily.jacobsen,,,Jacqui
LUAR,flowering,Berkeley Park wildflowers,8/4/12,46.918092,-121.687878,,,,laura.emily.jacobsen,,,Jacqui
LUAR,flowering,Summer's Arrival,8/4/12,46.768263,-121.728236,,reflection lakes,,steven lamar,,,Jacqui
LUAR,flowering,Lupine and Sitka Valerian,8/5/12,46.939568,-121.595692,,Palisades Lake Trail,,maryingels,,,Jacqui
LUAR,flowering,Mazama Ridge Wildflowers,8/6/12,46.785456,-121.721284,,Paradise Inn,,Fresnatic,,,Jacqui
LUAR,flowering,Mother Nature's Garden,8/6/12,46.783811,-121.742184,,,,Fresnatic,,,Jacqui
LUAR,flowering,Wildflowers on Mazama Ridge,8/6/12,46.783899,-121.720833,,,,Fresnatic,,,Jacqui
LUAR,flowering,Mazama Ridge Wildflowers,8/6/12,46.785456,-121.721284,,,,Fresnatic,,,Jacqui
LUAR,flowering,Reflection Lake by Moonlight,8/6/12,46.768366,-121.728247,,reflection lakes,,Fresnatic,,,Jacqui
LUAR,flowering,Arctic Lupine,8/8/12,46.923069,-121.638736,,,,Mzsthai,,,Jacqui
LUAR,flowering,Meadows At Sunrise Side Rainier.,8/9/12,46.91404,-121.632213,,,,musicman67,,,Jacqui
LUAR,flowering,Meadows At Sunrise Side Rainier.,8/9/12,46.91404,-121.632213,,,,musicman67,,,Jacqui
LUAR,flowering,A crazy quilt of color,8/10/12,46.917206,-121.683025,,,,The Bacher Family,,,Jacqui
LUAR,flowering,Sunrise wildflowers,8/10/12,46.91322,-121.636505,,,,The Bacher Family,,,Jacqui
LUAR,flowering,6I8A0034_1,8/10/12,46.91322,-121.636505,,,,The Bacher Family,,,Jacqui
LUAR,flowering,Wildflowers in bloom,8/10/12,46.798708,-121.734695,,,,prorallypix,,,Jacqui
LUAR,flowering,A spray of lupines,8/10/12,46.944285,-121.826705,,,,The Bacher Family,,,Jacqui
LUAR,flowering,Clagett120811-2444.jpg,8/11/12,46.916679,-121.685342,,Berkeley Park,,thatoutdoorguy,,,Jacqui
LUAR,flowering,nature unlimited,8/11/12,46.785591,-121.737792,,,,fuerst,,,Jacqui
LUAR,flowering,Clagett120811-2681.jpg,8/11/12,46.961979,-121.679162,,Grand Park,,thatoutdoorguy,,,Jacqui
LUAR,flowering,Clagett120811-2724.jpg,8/11/12,46.961979,-121.679162,,,,thatoutdoorguy,,,Jacqui
LUAR,flowering,Clagett120811-2545.jpg,8/11/12,46.926,-121.688776,,Berkeley Park,,thatoutdoorguy,,,Jacqui
LUAR,flowering,Clagett120811-2785.jpg,8/11/12,46.961979,-121.679162,,grand park,,thatoutdoorguy,,,Jacqui
LUAR,flowering,Clagett120811-2444.jpg,8/11/12,46.916679,-121.685342,,Berkeley Park,,thatoutdoorguy,,,Jacqui
LUAR,flowering,Wildflowers on Emerald Ridge at sunset,8/11/12,46.81769,-121.848002,,Emerald Ridge,,Daniel Walzenbach,,,Jacqui
LUAR,flowering,Wildflowers with Mt. Rainier backdrop,8/11/12,46.860058,-121.645774,,,,abhinaba,,,Jacqui
LUAR,flowering,Untitled,8/11/12,46.788833,-121.736,,,,orkybash,,,Jacqui
LUAR,flowering,Untitled,8/11/12,46.801,-121.734166,,,,orkybash,,,Jacqui
LUAR,flowering,Untitled,8/11/12,46.8005,-121.734166,,,,orkybash,,,Jacqui
LUAR,flowering,Untitled,8/11/12,46.7875,-121.734666,,,,orkybash,,,Jacqui
LUAR,flowering,Untitled,8/11/12,46.790666,-121.734666,,,,orkybash,,,Jacqui
LUAR,flowering,Untitled,8/11/12,46.789833,-121.735,,,,orkybash,,,Jacqui
LUAR,flowering,Untitled,8/11/12,46.789833,-121.735,,,,orkybash,,,Jacqui
LUAR,flowering,Subalpine palette,8/11/12,46.917206,-121.683026,,,,Kevin Bacher,www.flickr.com/photos/bacherfamily/8037501808/,multiple species,Lane
LUAR,flowering,wildflowers,8/12/12,46.785591,-121.737792,,,,fuerst,,,Jacqui
LUAR,flowering,Rainier Wears Blue,8/12/12,46.785591,-121.737792,,,,Dan Mihai,,,Jacqui
LUAR,flowering,Clagett120812-2928.jpg,8/12/12,46.961979,-121.679162,,,,thatoutdoorguy,,,Jacqui
LUAR,flowering,Towards the Tatoosh,8/12/12,46.780784,-121.761817,,,,gerudin,,,Jacqui
LUAR,flowering,Lupin,8/14/12,46.776611,-121.585221,,,,nascent cognition,,,Jacqui
LUAR,flowering,Untitled,8/15/12,46.916085,-121.643167,,,,Gregg Zimmerman,,,Jacqui
LUAR,flowering,wildflower meadows @ Paradise,8/15/12,46.830838,-121.749114,,,,jennovative,,,Jacqui
LUAR,flowering,Mt. Rainier and Mountain Flowers,8/15/12,46.814995,-121.622815,,,,nascent cognition,,,Jacqui
LUAR,flowering,wildflower meadows @ Paradise,8/15/12,46.830838,-121.749114,,,,jennovative,,,Jacqui
LUAR,flowering,Untitled,8/15/12,46.916026,-121.64336,,near Sunrise Visitors Center,,Gregg Zimmerman,,,Jacqui
LUAR,flowering,A Rainier Paradise,8/15/12,46.791877,-121.732335,,,,Thatcher Kelley Photography,,,Jacqui
LUAR,flowering,Sunset on the slope,8/15/12,46.788413,-121.732775,,,,Mitymous,,,Jacqui
LUAR,flowering,Paintbrush and Lupines,8/15/12,46.792097,-121.732323,,,,Mitymous,,,Jacqui
LUAR,flowering,Lupines Plus,8/15/12,46.788244,-121.73337,,,,Mitymous,,,Jacqui
LUAR,flowering,Untitled,8/15/12,46.916085,-121.643167,,,,Gregg Zimmerman,,,Jacqui
LUAR,flowering,Wildflowers on the Skyline,8/16/12,46.799134,-121.72461,,,,The Bacher Family,,,Jacqui
LUAR,flowering,6I8A13182_1,8/16/12,46.799134,-121.72461,,,,The Bacher Family,,,Jacqui
LUAR,flowering,A mirror of the sky,8/16/12,46.799134,-121.72461,,,,The Bacher Family,,,Jacqui
LUAR,flowering,6I8A11471_1,8/16/12,46.799134,-121.72461,,,,The Bacher Family,,,Jacqui
LUAR,flowering,Bumble bee on a daisy,8/16/12,46.79577,-121.728601,,,,The Bacher Family,,,Jacqui
LUAR,flowering,Owyhigh Wildflowers,8/16/12,46.866485,-121.588847,,Owyhigh Lakes,,nascent cognition,,,Jacqui
LUAR,flowering,MtRainer_Wildflowers-web-6964,8/16/12,46.913454,-121.630496,,,,Starlisa,,,Jacqui
LUAR,flowering,Wildflowers,8/16/12,46.790277,-121.735667,,Paradise ,,stationr,,,Jacqui
LUAR,flowering,Wildflowers at Paradise,8/16/12,46.790277,-121.735678,,,,stationr,,,Jacqui
LUAR,flowering,Wildflowers,8/16/12,46.790277,-121.735667,,Paradise ,,stationr,,,Jacqui
LUAR,flowering,Mt Rainier National Park,8/17/12,46.915623,-121.641397,,,,suswann,,,Jacqui
LUAR,flowering,Mt Rainier National Park,8/17/12,46.915623,-121.641397,,,,suswann,,,Jacqui
LUAR,flowering,Mt Rainier National Park,8/17/12,46.915623,-121.641397,,,,suswann,,,Jacqui
LUAR,flowering,Mt Rainier National Park,8/17/12,46.915623,-121.641397,,,,suswann,,,Jacqui
LUAR,flowering,Welcome to Summertime,8/18/12,46.792237,-121.731723,,,,* Ian Rogers *,,,Jacqui
LUAR,flowering,Wildflower Meadow,8/19/12,46.790334,-121.719417,,Skyline trail,,maryingels,,,Jacqui
LUAR,flowering,Sitka Valerian and Lupines,8/19/12,46.790613,-121.720844,,Skyline trail,,maryingels,,,Jacqui
LUAR,flowering,More Wildflowers,8/19/12,46.790613,-121.720844,,,,maryingels,,,Jacqui
LUAR,flowering,Just Relax,8/19/12,46.862333,-121.500785,,Naches Peak Loop Trail,,kcvensel,,,Jacqui
LUAR,flowering,Wildflowers,8/19/12,46.792978,-121.724256,,Skyline trail,,maryingels,,,Jacqui
LUAR,flowering,Wildflower Meadow,8/19/12,46.796747,-121.720318,,Skyline trail,,maryingels,,,Jacqui
LUAR,flowering,Out of Control!,8/19/12,46.86578,-121.498521,,,,kcvensel,,,Jacqui
LUAR,flowering,Bounty Hunting...For Flowers!,8/19/12,46.802174,-121.702079,,,,Treveri,,,Jacqui
LUAR,flowering ,Wildflower Meadow,8/19/12,46.790334,-121.719417,,Skyline Trail,,Mary Ingels,www.flickr.com/photos/11306612@N06/7852442222,multiple species,Lane
LUAR,flowering ,Magenta Paintbrush,8/19/12,46.793537,-121.726262,,Skyline Trail,,Mary Ingels,,multiple species,Lane
LUAR,flowering,Paradise Mixed Wildflowers,8/21/12,46.798884,-121.748771,,,,MSSQUID,,,Jacqui
LUAR,flowering,Paradise Mixed Wildflowers,8/21/12,46.798884,-121.748771,,,,MSSQUID,,,Jacqui
LUAR,flowering,IMG_2197a,8/21/12,46.870666,-121.57402,,near Owyhigh Lakes,,Mr_Tambourine_Man,,,Jacqui
LUAR,flowering,Paradise Wildflowers,8/21/12,46.782933,-121.735897,,Panorama Point trail above Myrtle Falls,,MSSQUID,,,Jacqui
LUAR,flowering,IMG_2206a,8/21/12,46.86823,-121.57505,,,,Mr_Tambourine_Man,,,Jacqui
LUAR,flowering,meadow mist,8/21/12,46.930568,-121.853721,,,,markvcr,,,Jacqui
LUAR,flowering,IMG_2198a,8/21/12,46.861716,-121.581573,,,,Mr_Tambourine_Man,,,Jacqui
LUAR,flowering,Misty Valley,8/22/12,46.789952,-121.743385,,,,Fresnatic,,,Jacqui
LUAR,flowering,Something Different,8/22/12,46.789129,-121.743171,,,,Fresnatic,,,Jacqui
LUAR,flowering,Mt. Rainier Summer 2012 25,8/22/12,46.78883,-121.740213,,,,djwudi,,,Jacqui
LUAR,flowering,Mt. Rainier Summer 2012 26,8/22/12,46.788405,-121.740175,,,,djwudi,,,Jacqui
LUAR,flowering,Mt. Rainier Summer 2012 28,8/22/12,46.786591,-121.740033,,,,djwudi,,,Jacqui
LUAR,flowering,Mt. Rainier Summer 2012 14,8/22/12,46.787958,-121.736145,,,,djwudi,,,Jacqui
LUAR,flowering,Forest Wilderness,8/22/12,46.791098,-121.738278,,,,Fresnatic,,,Jacqui
LUAR,flowering ,The Wildflowers of Paradise ,8/22/12,46.791627,-121.734888,,,,David Irons Jr,,"multiple species, yellow species and tall white species left unidentified ",Lane
LUAR,flowering,Photographing Wildflowers,8/23/12,46.867805,-121.517812,,Tipsoo Lake,,Michael S. Russell,,,Jacqui
LUAR,flowering,IMG_8579.jpg,8/24/12,46.857222,-121.669312,,,,Roman_N,,,Jacqui
LUAR,flowering,Mt. Rainier,8/24/12,46.857222,-121.669312,,,,Roman_N,,,Jacqui
LUAR,flowering,Wildflowers in Paradise,8/24/12,46.789511,-121.735854,,,,pvdEric,,,Jacqui
LUAR,flowering,Daisies,8/25/12,46.862813,-121.508746,,,,Daedalus_T,,,Jacqui
LUAR,flowering,More flowers and ponds,8/25/12,46.863261,-121.506772,,,,Daedalus_T,,,Jacqui
LUAR,flowering,Wildflowers,8/25/12,46.863712,-121.510119,,,,Daedalus_T,,,Jacqui
LUAR,flowering,A Walk in Paradise,8/25/12,46.792301,-121.731821,,,,mcmillend,,,Jacqui
LUAR,flowering,Nature's Pallette,8/25/12,46.792369,-121.731562,,Paradise ,,mcmillend,,,Jacqui
LUAR,flowering,"At Peace, Amongst Giants",8/26/12,46.780704,-121.778923,,,,little m:),,,Jacqui
LUAR,flowering,Paradise,8/26/12,46.788718,-121.734781,,,,1ns0mn1ac,,,Jacqui
LUAR,flowering,Cloudy Mount Rainier,8/26/12,46.788542,-121.7383,,,,1ns0mn1ac,,,Jacqui
LUAR,flowering,Morning Splendor,8/26/12,46.787073,-121.71931,,,,pdxsafariguy,,,Jacqui
LUAR,flowering,Flower Power,8/26/12,46.862399,-121.498425,,Naches Peak Loop Trail,,kcvensel,,,Jacqui
LUAR,flowering,Spinning Cap,8/26/12,46.785515,-121.722786,,Mazama Ridge,,Fresnatic,,,Jacqui
LUAR,flowering,First Light,8/26/12,46.792258,-121.723108,,,,pdxsafariguy,,,Jacqui
LUAR,flowering,Alpine Wonderland,8/26/12,46.792258,-121.723108,,,,pdxsafariguy,,,Jacqui
LUAR,flowering,Rainier Wildflowers,8/26/12,46.78428,-121.720095,,,,Darren Neupert,,,Jacqui
LUAR,flowering,Wildflower meadow in Paradise,8/27/12,46.791421,-121.724352,,,,pvdEric,,,Jacqui
LUAR,flowering,0803A Mt Rainier National Park Reflection Lake 1 IMG_8164,8/27/12,46.768668,-121.727228,,,,jpoage,,,Jacqui
LUAR,flowering,Memories of Summer,8/28/12,46.878146,-121.593246,,Summerland area,,Mr_Tambourine_Man,,,Jacqui
LUAR,flowering,IMG_2386_7_tonemapped-a,8/28/12,46.866294,-121.608009,,,,Mr_Tambourine_Man,,,Jacqui
LUAR,flowering,Paradise found,8/28/12,46.787837,-121.760787,,,,Deby Dixon,,,Jacqui
LUAR,flowering,IMG_2436a,8/30/12,46.868871,-121.503317,,,,Mr_Tambourine_Man,,,Jacqui
LUAR,flowering,0804B Mt Rainier National Park Morning Drive IMG_9140,8/30/12,46.78597,-121.733064,,,,jpoage,,,Jacqui
LUAR,flowering,0804B Mt Rainier National Park Morning Drive IMG_9208,8/30/12,46.78578,-121.733407,,,,jpoage,,,Jacqui
LUAR,flowering,alpine garden,8/31/12,46.867993,-121.518208,,Chinook Pass,,ms. Bailey,,,Jacqui
LUAR,flowering,0804E Mt Rainier National Park Lower Drive IMG_9461,8/31/12,46.785603,-121.735725,,,,jpoage,,,Jacqui
LUAR,flowering,0804E Mt Rainier National Park Lower Drive IMG_9507,9/1/12,46.784252,-121.740188,,,,jpoage,,,Jacqui
LUAR,flowering,Flowers of Blue,9/2/12,46.832952,-121.741561,,,,realvision,,,Jacqui
LUAR,flowering,Truly Paradise,9/2/12,46.792758,-121.738979,,,,Andrew Curtis,,,Jacqui
LUAR,flowering,Blue Were The Skies...,9/6/12,46.795417,-121.73551,,,,outdoorPDK,,,Jacqui
LUAR,flowering,The Winters Are Tough But Love The Summers,9/6/12,46.789629,-121.739523,,,,outdoorPDK,,,Jacqui
LUAR,flowering,The light at the other end of a too-wide world,9/7/12,46.80531,-121.728955,,,,Zeb Andrews,,,Jacqui
LUAR,flowering,Lush And lovely,9/7/12,46.781959,-121.743535,,,,outdoorPDK,,,Jacqui
LUAR,flowering,Windy Wildflowers,9/8/12,46.795161,-121.728937,,,,Darren Neupert,,,Jacqui
LUAR,flowering,Tipsoo Garden,9/8/12,46.870636,-121.517114,,,,Deej6,,,Jacqui
LUAR,flowering,Castilleja parviflora oreopola,9/9/12,46.871824,-121.516942,,Tipsoo Lake trail,,brewbooks,www.flickr.com/photos/93452909@N00/7993279082,"multiple species, yellow species unidentified ",Lane
LUAR,flowering,Untitled,9/15/12,46.916085,-121.643167,,,,Gregg Zimmerman,,,Jacqui
LUAR,flowering,Untitled,9/15/12,46.915381,-121.622697,,,,Gregg Zimmerman,,,Jacqui
LUAR,flowering,Untitled,9/15/12,46.916202,-121.643618,,near Sunrise Visitors Center,,Gregg Zimmerman,,,Jacqui
LUAR,flowering,Subalpine Lupine,9/18/12,46.787682,-121.73433,,,,shaung,,,Jacqui
LUAR,flowering,Rainier Wildflowers,9/22/12,46.857608,-121.703796,,,,tflowe8,,,Jacqui
LUAR,flowering,Smell in the air,9/24/12,46.799824,-121.73006,,,,protikH,,,Jacqui
LUAR,flowering,Moutain Flowers,10/2/12,46.847982,-121.784133,,,,realvision,,,Jacqui
LUAR,flowering,Supalpine Lupine,10/3/12,46.869125,-121.516395,,,,shesnuckinfuts,,,Jacqui
LUAR,flowering,Wildflowers of Mt. Rainier,10/3/12,46.869213,-121.5172,,Tipsoo Lake,,shesnuckinfuts,,,Jacqui
LUAR,flowering,Mt Rainier-Spray Park,11/4/12,46.930568,-121.853721,,,,Karen Walker 2011,,,Jacqui
LULA,Flowering,"Lupines, Anenomes and Paintbrush",8/23/12,46.868568,-121.517683,,Tipsoo Lake,,Michael S Russell,,,Anna
LUAR,Flowering,Clagett120811-2474.jpg,8/11/12,46.920042,-121.687434,,Berkeley Park ,,thatoutdorguy,,,Anna
LUAR,Flowering,Paradise Mixed Wildflowers,8/21/12,46.798884,-121.748771,,Paradise,,MSSQUID,,,Anna
LUAR,Flowering,Morning Splendor,8/26/12,46.787073,-121.71931,,Paradise,,pdxsafariguy,,,Anna
LUAR,Flowering,Fields of Flowers,8/31/12,46.793375,-121.736047,,Mt. Rainier,,Kpartin,,,Anna
PEBR,budding,Wood Betony,7/25/12,47.024445,-121.486086,,,,Ron Hanko,,,Jacqui
PEBR,flowering,Wildflowers,7/27/12,46.672115,-121.837778,,,,Lisa D Elliott,,,Jacqui
PEBR,flowering,Grand Park Wildflowers and Mt Rainier,7/31/12,46.937927,-121.652834,,,,jlcummins - Washington State,,,Jacqui
PEBR,budding,Wildflowers in Berkeley Park,8/4/12,46.918092,-121.687878,,Berkeley Park,,laura.emily.jacobsen,,,Jacqui
PEBR,flowering,A crazy quilt of color,8/10/12,46.917206,-121.683025,,,,The Bacher Family,,,Jacqui
PEBR,flowering,Wildflowers in bloom,8/10/12,46.798708,-121.734695,,,,prorallypix,,,Jacqui
PEBR,flowering,Paradise Mixed Wildflowers,8/21/12,46.798884,-121.748771,,,,MSSQUID,,,Jacqui
PEBR,flowering,Paradise Mixed Wildflowers,8/21/12,46.798884,-121.748771,,,,MSSQUID,,,Jacqui
PEBR,flowering,Mt. Rainier Summer 2012 25,8/22/12,46.78883,-121.740213,,,,djwudi,,,Jacqui
PEBR,flowering,Nature's Pallette,8/25/12,46.792369,-121.731562,,Paradise ,,mcmillend,,,Jacqui
PEBR,flowering,Flower Power,8/26/12,46.862399,-121.498425,,Naches Peak Loop Trail,,kcvensel,,,Jacqui
PEBR,flowering,0804B Mt Rainier National Park Morning Drive IMG_9208,8/30/12,46.78578,-121.733407,,,,jpoage,,,Jacqui
PEBR,ripening fruit,Pedicularis bracteosa (bracted lousewort ),9/9/12,46.862765,-121.51146,,,,brewbooks,,,Jacqui
PEBR,ripening fruit,Untitled,9/21/12,46.930103,-121.846489,,,,Playapixie,,,Jacqui
POBI,flowering,Tipsoo wildflowers,1/4/12,46.869668,-121.514947,,,,protikH,,,Jacqui
POBI,flowering,Wildflowers,7/21/12,46.962652,-121.674828,,Grand Park ,,maryingels,,,Jacqui
POBI,flowering,Wildflowers,7/21/12,46.962652,-121.674828,,Grand Park,,maryingels,,,Jacqui
POBI,flowering,DSC_3528cr,7/21/12,46.913894,-121.634445,,,,lawde13,,,Jacqui
POBI,flowering,Mount Rainier with wildflowers,7/29/12,46.770203,-121.715641,,,,tranquilometro,,,Jacqui
POBI,flowering,Stream and corn lilies in Berkeley Park,8/4/12,46.918083,-121.689037,,Berkeley Park,,laura.emily.jacobsen,,,Jacqui
POBI,budding,Wildflowers in Berkeley Park,8/4/12,46.918092,-121.687878,,,,laura.emily.jacobsen,,,Jacqui
POBI,flowering,Purple trail,8/4/12,46.917074,-121.684377,,,,laura.emily.jacobsen,,,Jacqui
POBI,flowering,Purple trail,8/4/12,46.917074,-121.684377,,,,laura.emily.jacobsen,,,Jacqui
POBI,flowering,Wildflowers,8/4/12,46.91609,-121.686011,,,,laura.emily.jacobsen,,,Jacqui
POBI,flowering,Berkeley Park wildflowers,8/4/12,46.918092,-121.687878,,,,laura.emily.jacobsen,,,Jacqui
POBI,flowering,Wildflowers on Mazama Ridge,8/6/12,46.783899,-121.720833,,,,Fresnatic,,,Jacqui
POBI,flowering,Mazama Ridge Wildflowers,8/6/12,46.785456,-121.721284,,,,Fresnatic,,,Jacqui
POBI,flowering,Meadows At Sunrise Side Rainier.,8/9/12,46.91404,-121.632213,,,,musicman67,,,Jacqui
POBI,flowering,Meadows At Sunrise Side Rainier.,8/9/12,46.91404,-121.632213,,,,musicman67,,,Jacqui
POBI,flowering,A crazy quilt of color,8/10/12,46.917206,-121.683025,,,,The Bacher Family,,,Jacqui
POBI,flowering,Wildflowers in bloom,8/10/12,46.798708,-121.734695,,,,prorallypix,,,Jacqui
POBI,flowering,A spray of lupines,8/10/12,46.944285,-121.826705,,,,The Bacher Family,,,Jacqui
POBI,flowering,Clagett120811-2681.jpg,8/11/12,46.961979,-121.679162,,Grand Park,,thatoutdoorguy,,,Jacqui
POBI,flowering,Clagett120811-2724.jpg,8/11/12,46.961979,-121.679162,,,,thatoutdoorguy,,,Jacqui
POBI,flowering,Clagett120811-2785.jpg,8/11/12,46.961979,-121.679162,,grand park,,thatoutdoorguy,,,Jacqui
POBI,flowering,Clagett120811-2444.jpg,8/11/12,46.916679,-121.685342,,Berkeley Park,,thatoutdoorguy,,,Jacqui
POBI,flowering,Wildflowers on Emerald Ridge at sunset,8/11/12,46.81769,-121.848002,,Emerald Ridge,,Daniel Walzenbach,,,Jacqui
POBI,flowering,Untitled,8/11/12,46.788833,-121.736,,,,orkybash,,,Jacqui
POBI,ripening fruit,Untitled,8/11/12,46.790666,-121.734666,,,,orkybash,,,Jacqui
POBI,flowering,Untitled,8/11/12,46.789833,-121.735,,,,orkybash,,,Jacqui
POBI,flowering,Clagett120812-2928.jpg,8/12/12,46.961979,-121.679162,,,,thatoutdoorguy,,,Jacqui
POBI,flowering,Untitled,8/15/12,46.916085,-121.643167,,,,Gregg Zimmerman,,,Jacqui
POBI,flowering,Untitled,8/15/12,46.916085,-121.643167,,,,Gregg Zimmerman,,,Jacqui
POBI,flowering,Wildflowers on the Skyline,8/16/12,46.799134,-121.72461,,,,The Bacher Family,,,Jacqui
POBI,flowering,A mirror of the sky,8/16/12,46.799134,-121.72461,,,,The Bacher Family,,,Jacqui
POBI,flowering,Owyhigh Wildflowers,8/16/12,46.866485,-121.588847,,Owyhigh Lakes,,nascent cognition,,,Jacqui
POBI,flowering,MtRainer_Wildflowers-web-6964,8/16/12,46.913454,-121.630496,,,,Starlisa,,,Jacqui
POBI,flowering,Wildflowers,8/16/12,46.790277,-121.735667,,Paradise ,,stationr,,,Jacqui
POBI,flowering,Wildflowers at Paradise,8/16/12,46.790277,-121.735678,,,,stationr,,,Jacqui
POBI,flowering,Wildflowers,8/16/12,46.790277,-121.735667,,Paradise ,,stationr,,,Jacqui
POBI,releasing seed,Mt Rainier National Park,8/17/12,46.915623,-121.641397,,,,suswann,,,Jacqui
POBI,flowering,Mt Rainier National Park,8/17/12,46.915623,-121.641397,,,,suswann,,,Jacqui
POBI,flowering,Mt Rainier National Park,8/17/12,46.915623,-121.641397,,,,suswann,,,Jacqui
POBI,flowering,Wildflower Meadow,8/19/12,46.790334,-121.719417,,Skyline trail,,maryingels,,,Jacqui
POBI,flowering,Wildflowers,8/19/12,46.792978,-121.724256,,Skyline trail,,maryingels,,,Jacqui
POBI,flowering,Wildflower Meadow,8/19/12,46.796747,-121.720318,,Skyline trail,,maryingels,,,Jacqui
POBI,flowering,Paradise Mixed Wildflowers,8/21/12,46.798884,-121.748771,,,,MSSQUID,,,Jacqui
POBI,flowering,IMG_2197a,8/21/12,46.870666,-121.57402,,near Owyhigh Lakes,,Mr_Tambourine_Man,,,Jacqui
POBI,flowering,IMG_2206a,8/21/12,46.86823,-121.57505,,,,Mr_Tambourine_Man,,,Jacqui
POBI,flowering,meadow mist,8/21/12,46.930568,-121.853721,,,,markvcr,,,Jacqui
POBI,flowering,IMG_2198a,8/21/12,46.861716,-121.581573,,,,Mr_Tambourine_Man,,,Jacqui
POBI,flowering,Misty Valley,8/22/12,46.789952,-121.743385,,,,Fresnatic,,,Jacqui
POBI,flowering,Something Different,8/22/12,46.789129,-121.743171,,,,Fresnatic,,,Jacqui
POBI,flowering,Mt. Rainier Summer 2012 26,8/22/12,46.788405,-121.740175,,,,djwudi,,,Jacqui
POBI,flowering,Mt. Rainier Summer 2012 14,8/22/12,46.787958,-121.736145,,,,djwudi,,,Jacqui
POBI,flowering ,The Wildflowers of Paradise ,8/22/12,46.791627,-121.734888,,,,David Irons Jr,www.flickr.com/photos/38529596@N02/7849335000,multiple species ,Lane
POBI,flowering,Mt. Rainier,8/24/12,46.857222,-121.669312,,,,Roman_N,,,Jacqui
POBI,flowering,Wildflowers in Paradise,8/24/12,46.789511,-121.735854,,,,pvdEric,,,Jacqui
POBI,flowering,A Walk in Paradise,8/25/12,46.792301,-121.731821,,,,mcmillend,,,Jacqui
POBI,flowering,Nature's Pallette,8/25/12,46.792369,-121.731562,,Paradise ,,mcmillend,,,Jacqui
POBI,flowering,"At Peace, Amongst Giants",8/26/12,46.780704,-121.778923,,,,little m:),,,Jacqui
POBI,flowering,Paradise,8/26/12,46.788718,-121.734781,,,,1ns0mn1ac,,,Jacqui
POBI,flowering,Cloudy Mount Rainier,8/26/12,46.788542,-121.7383,,,,1ns0mn1ac,,,Jacqui
POBI,flowering,Flower Power,8/26/12,46.862399,-121.498425,,Naches Peak Loop Trail,,kcvensel,,,Jacqui
POBI,flowering,Spinning Cap,8/26/12,46.785515,-121.722786,,Mazama Ridge,,Fresnatic,,,Jacqui
POBI,flowering,Alpine Wonderland,8/26/12,46.792258,-121.723108,,,,pdxsafariguy,,,Jacqui
POBI,flowering,Wildflower meadow in Paradise,8/27/12,46.791421,-121.724352,,,,pvdEric,,,Jacqui
POBI,flowering,Memories of Summer,8/28/12,46.878146,-121.593246,,Summerland area,,Mr_Tambourine_Man,,,Jacqui
POBI,flowering,IMG_2436a,8/30/12,46.868871,-121.503317,,,,Mr_Tambourine_Man,,,Jacqui
POBI,flowering,0804B Mt Rainier National Park Morning Drive IMG_9208,8/30/12,46.78578,-121.733407,,,,jpoage,,,Jacqui
POBI,flowering,alpine garden,8/31/12,46.867993,-121.518208,,Chinook Pass,,ms. Bailey,,,Jacqui
POBI,flowering,Truly Paradise,9/2/12,46.792758,-121.738979,,,,Andrew Curtis,,,Jacqui
POBI,flowering,Collage of color,9/6/12,46.706086,-121.664743,,,,The Bacher Family,,,Jacqui
POBI,flowering,Wonderful Wildflowers,9/6/12,46.789071,-121.73815,,,,outdoorPDK,,,Jacqui
POBI,flowering,The Winters Are Tough But Love The Summers,9/6/12,46.789629,-121.739523,,,,outdoorPDK,,,Jacqui
POBI,flowering,Lush And lovely,9/7/12,46.781959,-121.743535,,,,outdoorPDK,,,Jacqui
POBI,flowering,Windy Wildflowers,9/8/12,46.795161,-121.728937,,,,Darren Neupert,,,Jacqui
POBI,flowering,Untitled,9/15/12,46.916085,-121.643167,,,,Gregg Zimmerman,,,Jacqui
POBI,flowering,Rainier Wildflowers,9/22/12,46.857608,-121.703796,,,,tflowe8,,,Jacqui
POBI,releasing seed,The end of the season,10/10/12,46.79054,-121.735467,,,,prorallypix,,,Jacqui
POBI ,flowering,Clagett120811-2444.jpg,8/11/12,46.916679,-121.685342,,Berkeley Park,,thatoutdoorguy,,,Jacqui
VASI,flowering,Tipsoo wildflowers,1/4/12,46.869668,-121.514947,,,,protikH,,,Jacqui
VASI,flowering,DSC_3528cr,7/21/12,46.913894,-121.634445,,,,lawde13,,,Jacqui
VASI,flowering,Mount Rainier Summer,7/24/12,46.770321,-121.733536,,,,Dan Mihai,,,Jacqui
VASI,flowering,Wildflowers,7/27/12,46.672115,-121.837778,,,,Lisa D Elliott,,,Jacqui
VASI,budding,Wildflowers,7/27/12,46.672115,-121.837778,,,,Lisa D Elliott,,,Jacqui
VASI,flowering,Reflection Lakes,7/29/12,46.768557,-121.727828,,,,NW Vagabond,,,Jacqui
VASI,flowering,0803A Mt Rainier National Park Reflection Lake 1 IMG_8227,8/3/12,46.768733,-121.727228,,,,jpoage,,,Jacqui
VASI,flowering,Stream and corn lilies in Berkeley Park,8/4/12,46.918083,-121.689037,,Berkeley Park,,laura.emily.jacobsen,,,Jacqui
VASI,flowering,Wildflowers in Berkeley Park,8/4/12,46.918092,-121.687878,,,,laura.emily.jacobsen,,,Jacqui
VASI,flowering,Wildflowers in Berkeley Park,8/4/12,46.918092,-121.687878,,Berkeley Park,,laura.emily.jacobsen,,,Jacqui
VASI,flowering,Berkeley Park wildflowers,8/4/12,46.918092,-121.687878,,,,laura.emily.jacobsen,,,Jacqui
VASI,flowering,Lupine and Sitka Valerian,8/5/12,46.939568,-121.595692,,Palisades Lake Trail,,maryingels,,,Jacqui
VASI,flowering,Mazama Ridge Wildflowers,8/6/12,46.785456,-121.721284,,,,Fresnatic,,,Jacqui
VASI,flowering,Meadows At Sunrise Side Rainier.,8/9/12,46.91404,-121.632213,,,,musicman67,,,Jacqui
VASI,flowering,Sunrise wildflowers,8/10/12,46.91322,-121.636505,,,,The Bacher Family,,,Jacqui
VASI,flowering,Wildflowers in bloom,8/10/12,46.798708,-121.734695,,,,prorallypix,,,Jacqui
VASI,flowering,nature unlimited,8/11/12,46.785591,-121.737792,,,,fuerst,,,Jacqui
VASI,flowering,Clagett120811-2545.jpg,8/11/12,46.926,-121.688776,,Berkeley Park,,thatoutdoorguy,,,Jacqui
VASI,flowering,Untitled,8/11/12,46.788833,-121.736,,,,orkybash,,,Jacqui
VASI,flowering,Untitled,8/11/12,46.790666,-121.734666,,,,orkybash,,,Jacqui
VASI,flowering,Untitled,8/11/12,46.789833,-121.735,,,,orkybash,,,Jacqui
VASI,flowering,Untitled,8/11/12,46.789833,-121.735,,,,orkybash,,,Jacqui
VASI,flowering,wildflower meadows @ Paradise,8/15/12,46.830838,-121.749114,,,,jennovative,,,Jacqui
VASI,flowering,wildflower meadows @ Paradise,8/15/12,46.830838,-121.749114,,,,jennovative,,,Jacqui
VASI,flowering,A Rainier Paradise,8/15/12,46.791877,-121.732335,,,,Thatcher Kelley Photography,,,Jacqui
VASI,flowering,Wildflowers on the Skyline,8/16/12,46.799134,-121.72461,,,,The Bacher Family,,,Jacqui
VASI,flowering,6I8A11471_1,8/16/12,46.799134,-121.72461,,,,The Bacher Family,,,Jacqui
VASI,flowering,Owyhigh Wildflowers,8/16/12,46.866485,-121.588847,,Owyhigh Lakes,,nascent cognition,,,Jacqui
VASI,flowering,Wildflowers at Paradise,8/16/12,46.790277,-121.735678,,,,stationr,,,Jacqui
VASI,flowering,Wildflowers,8/16/12,46.790277,-121.735667,,Paradise ,,stationr,,,Jacqui
VASI,flowering,Mt Rainier National Park,8/17/12,46.915623,-121.641397,,,,suswann,,,Jacqui
VASI,flowering,Sitka Valerian and Lupines,8/19/12,46.790613,-121.720844,,Skyline trail,,maryingels,,,Jacqui
VASI,flowering,Just Relax,8/19/12,46.862333,-121.500785,,Naches Peak Loop Trail,,kcvensel,,,Jacqui
VASI,flowering,Out of Control!,8/19/12,46.86578,-121.498521,,,,kcvensel,,,Jacqui
VASI,flowering ,Wildflower Meadow,8/19/12,46.790334,-121.719417,,Skyline Trail,,Mary Ingels,www.flickr.com/photos/11306612@N06/7852442222,"multiple species, some unidentified ",Lane
VASI,flowering,Paradise Mixed Wildflowers,8/21/12,46.798884,-121.748771,,,,MSSQUID,,,Jacqui
VASI,flowering,Paradise Mixed Wildflowers,8/21/12,46.798884,-121.748771,,,,MSSQUID,,,Jacqui
VASI,flowering,Paradise Wildflowers,8/21/12,46.782933,-121.735897,,Panorama Point trail above Myrtle Falls,,MSSQUID,,,Jacqui
VASI,flowering,meadow mist,8/21/12,46.930568,-121.853721,,,,markvcr,,,Jacqui
VASI,flowering,Mt. Rainier Summer 2012 25,8/22/12,46.78883,-121.740213,,,,djwudi,,,Jacqui
VASI,flowering,Mt. Rainier Summer 2012 14,8/22/12,46.787958,-121.736145,,,,djwudi,,,Jacqui
VASI,flowering,Forest Wilderness,8/22/12,46.791098,-121.738278,,,,Fresnatic,,,Jacqui
VASI,flowering,Photographing Wildflowers,8/23/12,46.867805,-121.517812,,Tipsoo Lake,,Michael S. Russell,,,Jacqui
VASI,flowering,Mt. Rainier,8/24/12,46.857222,-121.669312,,,,Roman_N,,,Jacqui
VASI,flowering,More flowers and ponds,8/25/12,46.863261,-121.506772,,,,Daedalus_T,,,Jacqui
VASI,flowering,A Walk in Paradise,8/25/12,46.792301,-121.731821,,,,mcmillend,,,Jacqui
VASI,flowering,Nature's Pallette,8/25/12,46.792369,-121.731562,,Paradise ,,mcmillend,,,Jacqui
VASI,flowering,Paradise,8/26/12,46.788718,-121.734781,,,,1ns0mn1ac,,,Jacqui
VASI,flowering,Flower Power,8/26/12,46.862399,-121.498425,,Naches Peak Loop Trail,,kcvensel,,,Jacqui
VASI,flowering,First Light,8/26/12,46.792258,-121.723108,,,,pdxsafariguy,,,Jacqui
VASI,flowering,Alpine Wonderland,8/26/12,46.792258,-121.723108,,,,pdxsafariguy,,,Jacqui
VASI,flowering,IMG_2436a,8/30/12,46.868871,-121.503317,,,,Mr_Tambourine_Man,,,Jacqui
VASI,releasing seed,Wild Mama,8/30/12,46.783135,-121.755294,,,,Deby Dixon,,,Jacqui
VASI,flowering,0804B Mt Rainier National Park Morning Drive IMG_9208,8/30/12,46.78578,-121.733407,,,,jpoage,,,Jacqui
VASI,flowering,alpine garden,8/31/12,46.867993,-121.518208,,Chinook Pass,,ms. Bailey,,,Jacqui
VASI,flowering,Lush And lovely,9/7/12,46.781959,-121.743535,,,,outdoorPDK,,,Jacqui
VASI,flowering,Windy Wildflowers,9/8/12,46.795161,-121.728937,,,,Darren Neupert,,,Jacqui
VEVI,vegetation,Tipsoo wildflowers,1/4/12,46.869668,-121.514947,,,,protikH,,,Jacqui
VEVI,flowering,Stream and corn lilies in Berkeley Park,8/4/12,46.918083,-121.689037,,Berkeley Park,,laura.emily.jacobsen,,,Jacqui
VEVI,vegetation,Wildflowers in bloom,8/10/12,46.798708,-121.734695,,,,prorallypix,,,Jacqui
VEVI,flowering,Clagett120811-2533.jpg,8/11/12,46.926,-121.688776,,Berkeley Park,,thatoutdoorguy,,,Jacqui
VEVI,flowering,False hellebore in bloom,8/16/12,46.787969,-121.733665,,,,The Bacher Family,,,Jacqui
VEVI,flowering,More Wildflowers,8/19/12,46.790613,-121.720844,,,,maryingels,,,Jacqui
VEVI,flowering,Daisies,8/25/12,46.862813,-121.508746,,,,Daedalus_T,,,Jacqui
VEVI,flowering,Wildflowers,8/25/12,46.863712,-121.510119,,,,Daedalus_T,,,Jacqui
VEVI,flowering,Cloudy Mount Rainier,8/26/12,46.788542,-121.7383,,,,1ns0mn1ac,,,Jacqui
VEVI,flowering,Memories of Summer,8/28/12,46.878146,-121.593246,,Summerland area,,Mr_Tambourine_Man,,,Jacqui
VEVI,flowering,IMG_2386_7_tonemapped-a,8/28/12,46.866294,-121.608009,,,,Mr_Tambourine_Man,,,Jacqui
VEVI,flowering,Wonderful Wildflowers,9/6/12,46.789071,-121.73815,,,,outdoorPDK,,,Jacqui
VEVI,flowering,Tipsoo Garden,9/8/12,46.870636,-121.517114,,,,Deej6,,,Jacqui
XETE,flowering,Wildflowers,7/27/12,46.672115,-121.837778,,,,Lisa D Elliott,,,Jacqui
XETE,releasing seed,Xerophyllum tenax (Beargrass),9/9/12,46.862575,-121.510087,,Naches Peak Loop Trail,,brewbooks,,,Jacqui